Vaccine,Acronym,Start Week,End Week,Vaccination Window,Volume
BCG,,0,1,1,0.5
Oral Polio Vaccine 0,OPV,0,1,1,0.5
Hepatitis B,HepB,0,1,1,0.5
Oral Polio Vaccine 1,OPV,5,6,1,0.5
Pentavalent 1,,5,6,1,0.5
Rotavirus Vaccine 1,,5,6,1,0.5
PCV 1,,5,6,1,0.5
Inactivated Polio Vaccine 1,IPV,5,6,1,0.5
Oral Polio Vaccine 2,OPV,9,10,1,0.5
Pentavalent 2,,9,10,1,0.5
Rotavirus Vaccine 2,,9,10,1,0.5
Oral Polio Vaccine 3,OPV,12,14,2,0.5
Pentavalent 3,,12,14,2,0.5
Rotavirus Vaccine 3,,12,14,2,0.5
PCV 2,,12,14,2,0.5
Inactivated Polio Vaccine 2,IPV,12,14,2,0.5
Measles & Rubella 1,MR,39,52,13,0.5
Japanese Encephalitis JE-1,JE,39,52,13,0.5
PCV Booster,,39,52,13,0.5
